<?xml version="1.0" encoding="UTF-8"?>
<emitter imageName="" name="shoot">
  <spawnInterval enabled="true" max="1.0" min="0.1"/>
  <spawnCount enabled="true" max="30.0" min="20.0"/>
  <initialLife enabled="true" max="200.0" min="100.0"/>
  <initialSize enabled="true" max="4.0" min="1.0"/>
  <xOffset enabled="false" max="0.0" min="0.0"/>
  <yOffset enabled="false" max="0.0" min="0.0"/>
  <initialDistance enabled="true" max="200.0" min="100.0"/>
  <speed enabled="false" max="1000.0" min="800.0"/>
  <length enabled="true" max="25.0" min="25.0"/>
  <emitCount enabled="false" max="1000.0" min="1000.0"/>
  <spread type="random" value="60.0"/>
  <angularOffset type="simple" value="0.0"/>
  <growthFactor type="simple" value="26.0"/>
  <gravityFactor type="simple" value="5.0"/>
  <windFactor type="simple" value="0.0"/>
  <startAlpha type="simple" value="255.0"/>
  <endAlpha type="simple" value="100.0"/>
  <alpha active="false" max="255" min="0" type="linear">
    <point x="0.0" y="0.0"/>
    <point x="1.0" y="255.0"/>
  </alpha>
  <size active="false" max="255" min="0" type="linear">
    <point x="0.0" y="0.0"/>
    <point x="1.0" y="255.0"/>
  </size>
  <velocity active="false" max="1" min="0" type="linear">
    <point x="0.0" y="0.0"/>
    <point x="1.0" y="1.0"/>
  </velocity>
  <scaleY active="false" max="1" min="0" type="linear">
    <point x="0.0" y="0.0"/>
    <point x="1.0" y="1.0"/>
  </scaleY>
  <color>
    <step b="0.2" g="1.0" offset="0.0" r="1.0"/>
    <step b="0.0" g="0.0" offset="1.0" r="1.0"/>
  </color>
</emitter>
